rank,name,tei,tokens_per_task,lines_per_task,rosetta_tasks,tokens_per_sloc,tokens_per_line,chars_per_token,code_chars_per_token,rc_chars_per_token,med_tok_file,med_lines_file,session,files,sloc,lines,tok,comment_token_share,cl_ratio,repos
1,MATLAB,153,94.4,12.9,108,12.12,10.34,3.48,3.07,3.071,13473.5,1321,6568,10,7909,13323,137731,0.3,0.99,https://github.com/chebfun/chebfun
2,Groovy,151,96.1,10.7,131,10.08,8.48,4.79,4.89,3.173,3299,373.5,5981,10,2192,4224,35840,0.38,0.99,https://github.com/apache/groovy
3,Crystal,149,97.5,13.4,117,7.86,7.22,4.04,4.11,2.784,26089.5,3603.5,4657.5,10,28992,40670,293625,0.22,1,https://github.com/crystal-lang/crystal
4,Julia,149,97.5,11.5,131,10.84,9.42,3.56,3.49,2.921,15954.5,1532.5,6868,10,16717,21421,201717,0.1,1,https://github.com/JuliaLang/julia
5,Clojure,147,98.6,11,135,12.99,11.83,4.42,4.34,3.201,23640,2057.5,8014,10,16293,21219,251098,0.16,1,https://github.com/metabase/metabase
6,Ruby,141,102.7,12.6,137,9.46,9.87,4.2,4.51,2.866,17871,1922.5,7259.5,10,7066,19580,193244,0.65,0.99,https://github.com/rails/rails
7,Perl,135,107.4,13.4,138,12.74,10.27,3.54,3.42,2.813,7165.5,824.5,5996,10,8997,12565,129014,0.11,0.99,https://github.com/Perl/perl5
8,R,134,108.4,12.7,133,12.94,12.21,3.54,3.43,2.962,12966.5,1309.5,8542,6,6148,9472,115697,0.31,0.99,https://github.com/Rdatatable/data.table
9,Nim,128,113.1,15.2,139,11.65,10.68,3.45,3.27,2.956,27129,2539.5,6874.5,10,15636,25141,268509,0.32,1,https://github.com/nim-lang/Nim
10,Lisp,123,117.8,12.1,135,12.15,11.72,3.99,3.9,3.249,27071,1796.5,7644.5,10,16752,20901,245054,0.17,0.98,https://github.com/sbcl/sbcl
11,F#,123,117.9,11.3,134,12.41,10.67,4.34,4.24,3.139,33529.5,2999.5,7186,10,22709,30872,329394,0.14,1,https://github.com/dotnet/fsharp
12,Scala,120,120.2,12.1,136,12.12,10.78,4.01,3.92,3.18,24595.5,2357,7593,10,16926,25878,278991,0.26,0.99,https://github.com/scala/scala
13,Swift,120,120.2,17.2,128,8.65,8.92,4.61,4.59,3.254,15538.5,1972,5726.5,10,15050,21706,193622,0.33,1,https://github.com/apple/swift-nio
14,Haskell,117,123.3,14.6,138,11,10.21,4.08,4.05,3.164,16706,1556.5,7155,10,15061,18132,185139,0.11,0.99,https://github.com/jgm/pandoc
15,PowerShell,116,125.3,14.7,125,8.99,7.63,4.88,4.83,3.152,8010.5,1159.5,5749.5,10,7980,13607,103756,0.31,0.99,https://github.com/dsccommunity/SqlServerDsc
16,Lua,115,126.4,16.5,126,9.77,9.23,3.79,3.29,3.038,20476.5,2229,6182,10,10248,27268,251791,0.6,0.99,https://github.com/neovim/neovim
17,PHP,111,130.3,17.2,125,10.51,8.94,4.64,4.64,3.076,14784.5,1754,5830,10,14024,18877,168701,0.13,0.99,https://github.com/symfony/symfony
18,Tcl,109,132.4,15.3,139,8.72,8.39,3.62,3.27,3.029,9802.5,1205.5,5360,10,10270,17166,144085,0.38,1,https://github.com/tcltk/tcl
19,MicroPython,108,133.7,16.6,134,9.77,8.74,4,3.92,3.227,7414.5,868,5617.5,10,8411,10831,94697,0.13,0.99,https://github.com/micropython/micropython
20,Python,108,133.7,16.6,134,8.08,7.64,5.14,5.16,3.227,18595.5,2433,5281,10,20891,25418,194211,0.13,0.99,https://github.com/django/django
21,Apex,102,141.8,17.6,20,9.1,8.53,4.35,4.29,3.726,7992,869,5568.5,10,6054,8564,73048,0.24,0.98,https://github.com/trailheadapps/apex-recipes
22,SQL,102,142.2,19.9,38,11.49,9.28,3.61,3.44,3.101,28606.5,2940.5,6904.5,6,13134,18682,173346,0.13,0.99,https://github.com/citusdata/citus
23,GDScript,101,143.2,22.1,14,11.43,9.78,3.82,3.69,3.557,2795.5,267,6443,10,2169,3282,32086,0.23,1,https://github.com/godotengine/godot-demo-projects
24,Bash/Shell,100,144.6,18.8,102,11.62,10.51,3.46,3.34,2.84,10327,1037.5,7219.5,10,14641,19150,201332,0.15,0.99,https://github.com/kubernetes/kubernetes
25,Dart,100,145,20.4,55,8,8.18,4.55,4.56,3.089,31697.5,3851,5095,10,26596,39683,324569,0.34,0.99,https://github.com/flutter/flutter
26,Elixir,100,145.1,16.1,133,11.36,8.71,3.54,3.51,2.894,22781,2479,6249.5,10,22757,31068,270712,0.04,1,https://github.com/elixir-lang/elixir
27,OCaml,99,145.6,16.9,137,9.88,9.16,3.84,3.74,2.866,12794,1363,6139,10,16255,19167,175618,0.09,0.99,https://github.com/ocaml/ocaml
28,Gleam,95,151.9,21.9,30,7.54,7.34,4.14,3.85,2.885,6280.5,913.5,4678,10,5052,10960,80481,0.52,1.01,https://github.com/lustre-labs/lustre
29,Erlang,95,152.2,17.1,132,11.32,10.01,3.91,3.81,2.924,44096,4111.5,6659.5,10,31268,40154,401750,0.12,1,https://github.com/rabbitmq/rabbitmq-server
30,TypeScript,92,156.6,19.4,28,7.62,7.47,4.47,4.48,3.019,16282.5,2115.5,5257.5,10,16543,22289,166438,0.24,1,https://github.com/angular/angular
31,Kotlin,92,157.5,19.1,139,8.06,7.8,4.71,4.95,3.26,7945.5,999.5,5107,10,6023,11329,88371,0.45,0.98,https://github.com/ktorio/ktor
32,JavaScript,92,157.7,20.8,137,6.99,7.38,4.43,4.36,3.532,20972.5,3008.5,4868,10,27145,33691,248778,0.24,1,https://github.com/facebook/react
33,Prolog,92,158,17.8,121,9.76,8.88,3.52,3.42,2.796,15637.5,1739,6008,10,13346,19207,170566,0.23,1,https://github.com/SWI-Prolog/swipl-devel
34,Rust,90,161.5,21.8,140,8.27,8.54,4.59,4.58,3.41,17697,2058.5,5368,10,15585,21335,182234,0.29,1,https://github.com/rust-lang/cargo
35,Java,83,173.8,23.2,136,8.94,9.07,4.2,4.19,3.866,19941,2265,6208.5,10,15193,24122,218882,0.38,0.99,https://github.com/spring-projects/spring-framework
36,C#,82,177.5,27.2,139,7.59,7.17,5.48,5.74,4.126,33282,4756.5,4828,10,28931,47120,337900,0.35,0.98,https://github.com/PowerShell/PowerShell
37,Objective-C,78,185.1,25.8,50,10.12,9.19,4.48,4.47,3.495,8157.5,916.5,6757,10,7569,9143,84044,0.09,0.97,https://github.com/facebook/facebook-ios-sdk
38,Visual Basic (.Net),75,192.1,24.4,73,11.23,9.61,5.63,5.75,3.747,24021,2639,6150,10,17931,27456,263743,0.24,0.99,https://github.com/dotnet/roslyn
39,Delphi,74,195.6,33,113,9.15,8.26,3.58,3.45,3.18,37887.5,4701,4729.5,10,34612,42333,349876,0.09,0.99,https://github.com/project-jedi/jcl
40,VBA,74,195.6,23.7,118,12.63,11.37,3.81,3.7,3.237,11057.5,1058,6826.5,10,11327,15929,181053,0.21,0.99,https://github.com/sancarn/stdVBA
41,Go,73,198.4,31.8,139,9.48,9.17,3.8,3.59,3.241,22179,2478,5961.5,10,21157,28122,257992,0.22,1,https://github.com/prometheus/prometheus
42,C++,70,207.9,29.7,139,9.83,8.87,4.05,3.98,3.416,30840,3277,6026.5,10,27617,34074,302154,0.1,1,https://github.com/protocolbuffers/protobuf
43,Ada,67,217.6,26.9,139,8.92,7.95,4.48,4.38,3.598,11792.5,1636,5200,10,10525,16486,131008,0.28,0.99,https://github.com/AdaCore/gnatcoll-core
44,C,64,225.5,32.2,139,8.54,7.78,3.65,3.35,3.031,49260.5,6567.5,5316.5,10,38426,63020,490274,0.33,1,https://github.com/postgres/postgres
45,Zig,57,253.3,28.7,62,10.29,10.02,3.35,3.28,3.341,49625.5,4388.5,6841.5,10,39622,46686,468009,0.13,1,https://github.com/ziglang/zig
46,Fortran,53,271.4,32.6,134,12.12,10.62,3.45,3.46,3.249,7540.5,734,6931.5,10,5439,14902,158195,0.58,1,https://github.com/Reference-LAPACK/lapack
47,Cobol,41,356.7,46.7,105,11.97,10.73,5.76,5.33,3.89,2024.5,199,,6,1171,1407,15103,0.07,0.99,https://github.com/openmainframeproject/cobol-check
48,Assembly,27,532.2,68.6,33,14.58,13.26,2.44,2.37,3.108,14487.5,1236,8719,10,12988,15292,202739,0.07,1,https://github.com/FFmpeg/FFmpeg
,HTML/CSS,,,,0,11.92,11.45,4.6,4.58,,21631.5,1863.5,5616.5,10,19275,21107,241570,0.05,1,https://github.com/ColorlibHQ/AdminLTE
,Solidity,,,,0,10,9.17,4.15,4.1,,8442.5,889.5,5662,10,5169,10134,92905,0.44,1,https://github.com/OpenZeppelin/openzeppelin-contracts
